Parallelism,Execution Time (s)
-1(default),8.35428261756897
1, 5.9243528842926025
10,8.701915502548218
50,13.657241582870483
200,14.016209840774536
400, 15.094487190246582
